iter	Logloss
0	0.6399662526
1	0.5969606628
2	0.5640355123
3	0.5366669871
4	0.5158489685
5	0.5000794729
6	0.4863284251
7	0.4756418864
8	0.4665686035
9	0.4591978607
10	0.4534988251
11	0.4491368713
12	0.4455340068
13	0.4421313121
14	0.4396162313
15	0.4373955688
16	0.4351253815
17	0.4335043437
18	0.4321382243
19	0.4308662262
20	0.4297308858
21	0.428672582
22	0.4277552541
23	0.4270050761
24	0.4264701029
25	0.4258087667
26	0.424935552
27	0.4244023641
28	0.4237159475
29	0.4230526581
